<?xml version="1.0" encoding="UTF-8"?>
<ti:module xmlns:ti="http://ti.appcelerator.org" xmlns:android="http://schemas.android.com/apk/res/android">
	<!--
		Similar to tiapp.xml, but contains module/platform specific
		configuration in <iphone>, <android>, and <mobileweb> sections
	-->
	<iphone>
	</iphone>
	<android xmlns:android="http://schemas.android.com/apk/res/android">
		<manifest>
            <uses-feature android:glEsVersion="0x00020000" android:required="true" />
            <uses-feature android:name="android.hardware.camera" />
            <uses-feature android:name="android.hardware.camera.autofocus" />

            <permission android:name="$PACKAGE_NAME.C2D_MESSAGE" android:protectionLevel="signature" />
            <uses-permission android:name="$PACKAGE_NAME.permission.C2D_MESSAGE" />
            <uses-permission android:name="com.google.android.c2dm.permission.RECEIVE" />
            <uses-permission android:name="android.permission.WAKE_LOCK" />
            <uses-permission android:name="android.permission.INTERNET" />
            <uses-permission android:name="android.permission.ACCESS_NETWORK_STATE" />
            <uses-permission android:name="android.permission.READ_PHONE_STATE" />
            <uses-permission android:name="android.permission.CAMERA" />
            <uses-permission android:name="android.permission.RECORD_AUDIO" />
            <uses-permission android:name="android.permission.READ_CONTACTS" />
            <uses-permission android:name="android.permission.ACCESS_COARSE_LOCATION" />
            <uses-permission android:name="android.permission.ACCESS_FINE_LOCATION" />
            <uses-permission android:name="android.permission.WRITE_EXTERNAL_STORAGE" />
            <uses-permission android:name="android.permission.BLUETOOTH"/>
            <application>
            	<service android:enabled="true" android:name="com.genband.mobile.core.NotificationEngine.NotificationAndroidService" />
            	<service android:enabled="true" android:name="com.genband.mobile.impl.services.registration.GeneralRenewalAndroidService" />
	            <receiver
	            	android:name="io.kandy.push.KandyPushReceiver"
	                android:permission="com.google.android.c2dm.permission.SEND" >
	                <intent-filter>
	                    <action android:name="com.google.android.c2dm.intent.RECEIVE" />
	                    <action android:name="com.google.android.c2dm.intent.REGISTRATION" />
	
	                    <category android:name="io.kandy.titanium" />
	                </intent-filter>
	            </receiver>
            	<service android:name="io.kandy.push.KandyPushService" android:enabled="true" />
            </application>
        </manifest>
	</android>
	<mobileweb>
	</mobileweb>
</ti:module>
